{"FcBest": [0.79995774755760096, 0.68417162957287547, 0.68417162957287547, 0.70884735963519396, 0.70884735963519396, 0.7202361581254948, 0.70505109347176032, 0.72782869045236209, 0.72782869045236209, 0.60402827497001166], "FdBest": [0.8905397208268464, 1.0042327363228376, 1.0042327363228376, 1.000509295109264, 1.000509295109264, 0.99206038255521478, 1.004240432987952, 1.0471880409474923, 1.0471880409474923, 1.1124497066854928], "FBest": [0.88210140256598124, 0.88556529059223177, 0.88556529059223177, 0.90115069798974634, 0.90115069798974634, 0.90165314058341717, 0.90394689963635211, 0.92547600511691186, 0.92547600511691186, 0.95159282434088843], "FfBest": [0.94736842105263164, 0.84962406015037595, 0.84962406015037595, 0.89473684210526316, 0.89473684210526316, 0.90225563909774431, 0.90225563909774431, 0.87969924812030076, 0.87969924812030076, 0.97744360902255645], "FeBest": [0, 0, 0, 0, 0, 0, 0, 0, 0, 0], "Gen": [0, 1, 2, 3, 4, 5, 6, 7, 8, 9]}