{"FcBest": [0.78582728564406834, 0.81197938361734623, 0.81197938361734623, 0.80248871820876211, 0.82948434652355496, 0.82948434652355496, 0.82758621344183814, 0.82758621344183814, 0.82758621344183814, 0.82758621344183814], "FdBest": [0.98391247627784617, 0.99227320827592402, 0.99227320827592402, 1.0049115682573166, 0.99094031866677335, 0.99094031866677335, 1.0017756027866744, 1.0017756027866744, 1.0017756027866744, 1.0017756027866744], "FBest": [0.91397696932437622, 0.93785325455357682, 0.93785325455357682, 0.93992006894400681, 0.94156305047555366, 0.94156305047555366, 0.94650615926507498, 0.94650615926507498, 0.94650615926507498, 0.94650615926507498], "FfBest": [0.90225563909774431, 0.95488721804511278, 0.95488721804511278, 0.94736842105263164, 0.95488721804511278, 0.95488721804511278, 0.95488721804511278, 0.95488721804511278, 0.95488721804511278, 0.95488721804511278], "FeBest": [0, 0, 0, 0, 0, 0, 0, 0, 0, 0], "Gen": [0, 1, 2, 3, 4, 5, 6, 7, 8, 9]}