{"FcBest": [0.89127920787869486, 0.89317734096041168, 0.89317734096041168, 0.89317734096041168, 0.86090907857122589, 0.86090907857122589, 0.90667515511780816, 0.90667515511780816, 0.90667515511780816, 0.90667515511780816], "FdBest": [1.0, 0.9960213731864197, 0.9960213731864197, 0.9960213731864197, 1.0309696847729459, 1.0309696847729459, 0.99676460256411359, 0.99676460256411359, 0.99676460256411359, 0.99676460256411359], "FBest": [0.95402280948847062, 0.95626742784835028, 0.95626742784835028, 0.95626742784835028, 0.95627602180371551, 0.95627602180371551, 0.96189319532466677, 0.96189319532466677, 0.96189319532466677, 0.96189319532466677], "FfBest": [0.92481203007518797, 0.93984962406015038, 0.93984962406015038, 0.93984962406015038, 0.90225563909774431, 0.90225563909774431, 0.94736842105263164, 0.94736842105263164, 0.94736842105263164, 0.94736842105263164], "FeBest": [0, 0, 0, 0, 0, 0, 0, 0, 0, 0], "Gen": [0, 1, 2, 3, 4, 5, 6, 7, 8, 9]}