{"FcBest": [0.90237099023709899, 0.90237099023709899, 0.90237099023709899, 0.92747559274755931, 0.91352859135285913, 0.94049279404927943, 0.93491399349139936, 0.94049279404927943, 0.93863319386331934, 0.93863319386331934], "FdBest": [1.0, 1.0, 1.0, 0.97385989003074958, 1.0209611666115723, 0.98714387696756778, 0.99713419786105706, 1.0042890833888742, 1.0245893525062604, 1.0245893525062604], "FBest": [0.95475941422594135, 0.95475941422594135, 0.95475941422594135, 0.96671550986893129, 0.97219606447733431, 0.97661180366277045, 0.97812893063671169, 0.98310107354009035, 0.9927863080522934, 0.9927863080522934], "FfBest": [0.91666666666666663, 0.91666666666666663, 0.91666666666666663, 0.9916666666666667, 0.93333333333333335, 0.9916666666666667, 0.98333333333333328, 0.98333333333333328, 0.98333333333333328, 0.98333333333333328], "FeBest": [0, 0, 0, 0, 0, 0, 0, 0, 0, 0], "Gen": [0, 1, 2, 3, 4, 5, 6, 7, 8, 9]}