{"FcBest": [0.79573971622340989, 0.83517874576870543, 0.89170097304945239, 0.89170097304945239, 0.8841084407225851, 0.92607825110573372, 0.89739537229460276, 0.89739537229460276, 0.89064637030925042, 0.90330065412513194, 0.88874823722753371, 0.89444263647268407, 0.91468945261543277, 0.91468945261543277, 0.91300220211909477, 0.91279131953371606, 0.918063953608109, 0.92186021977154264, 0.92186021977154264, 0.92186021977154264, 0.92186021977154264, 0.92186021977154264, 0.92186021977154264, 0.92186021977154264, 0.92186021977154264, 0.92186021977154264, 0.92186021977154264, 0.92186021977154264, 0.92186021977154264, 0.92186021977154264, 0.92186021977154264, 0.92186021977154264, 0.92186021977154264, 0.92186021977154264, 0.92186021977154264, 0.92186021977154264, 0.92186021977154264, 0.92186021977154264], "FdBest": [0.92804397951433393, 0.93029417146041093, 0.91618631352552515, 0.91618631352552515, 0.92430076181714738, 0.9087196834637391, 0.92297416930716203, 0.92297416930716203, 0.93766526279184881, 0.93721996022118004, 0.94288821292730141, 0.94058678440135313, 0.96096992735034348, 0.96096992735034348, 0.96251041314591868, 0.96160374729413234, 0.95746986103891663, 0.95625222814540234, 0.95625222814540234, 0.95625222814540234, 0.95625222814540234, 0.95625222814540234, 0.95625222814540234, 0.95625222814540234, 0.95625222814540234, 0.95625222814540234, 0.95625222814540234, 0.95625222814540234, 0.95625222814540234, 0.95625222814540234, 0.95625222814540234, 0.95625222814540234, 0.95625222814540234, 0.95625222814540234, 0.95625222814540234, 0.95625222814540234, 0.95625222814540234, 0.95625222814540234], "FBest": [0.879122332346854, 0.89010718570621639, 0.92349960303264444, 0.92349960303264444, 0.92565869409673873, 0.93212000601206246, 0.93395622847911142, 0.93395622847911142, 0.93773482547699638, 0.93879604589751209, 0.94175146652241382, 0.94202435207072721, 0.94975883058842847, 0.94975883058842847, 0.9501072608621316, 0.95524030503425461, 0.95637121967336525, 0.95671146976746657, 0.95671146976746657, 0.95671146976746657, 0.95671146976746657, 0.95671146976746657, 0.95671146976746657, 0.95671146976746657, 0.95671146976746657, 0.95671146976746657, 0.95671146976746657, 0.95671146976746657, 0.95671146976746657, 0.95671146976746657, 0.95671146976746657, 0.95671146976746657, 0.95671146976746657, 0.95671146976746657, 0.95671146976746657, 0.95671146976746657, 0.95671146976746657, 0.95671146976746657], "FfBest": [0.86466165413533835, 0.86466165413533835, 0.96992481203007519, 0.96992481203007519, 0.96992481203007519, 0.98496240601503759, 0.99248120300751874, 0.99248120300751874, 0.98496240601503759, 0.97744360902255645, 0.99248120300751874, 0.99248120300751874, 0.96240601503759393, 0.96240601503759393, 0.96240601503759393, 0.98496240601503759, 0.99248120300751874, 0.99248120300751874, 0.99248120300751874, 0.99248120300751874, 0.99248120300751874, 0.99248120300751874, 0.99248120300751874, 0.99248120300751874, 0.99248120300751874, 0.99248120300751874, 0.99248120300751874, 0.99248120300751874, 0.99248120300751874, 0.99248120300751874, 0.99248120300751874, 0.99248120300751874, 0.99248120300751874, 0.99248120300751874, 0.99248120300751874, 0.99248120300751874, 0.99248120300751874, 0.99248120300751874], "FeBest": [-6.494033950025439e-13, -7.542146603602344e-13, -2.989916835923923e-11, -2.989916835923923e-11, -1.3496520715721477e-13, 3.0739135619400753e-13, 3.1313019739513674e-14, 3.1313019739513674e-14, -7.118081383683943e-14, 1.5065059357942243e-13, -1.245522334007747e-12, 4.591960862792625e-14, -2.987595396891902e-13, -2.987595396891902e-13, -5.305962423309625e-13, -2.7316047771503007e-13, -2.0290225683979193e-13, 5.813049929553835e-14, 5.813049929553835e-14, 5.813049929553835e-14, 5.813049929553835e-14, 5.813049929553835e-14, 5.813049929553835e-14, 5.813049929553835e-14, 5.813049929553835e-14, 5.813049929553835e-14, 5.813049929553835e-14, 5.813049929553835e-14, 5.813049929553835e-14, 5.813049929553835e-14, 5.813049929553835e-14, 5.813049929553835e-14, 5.813049929553835e-14, 5.813049929553835e-14, 5.813049929553835e-14, 5.813049929553835e-14, 5.813049929553835e-14, 5.813049929553835e-14], "Gen": [0, 1, 2, 3, 4, 5, 6, 7, 8, 9, 10, 11, 12, 13, 14, 15, 16, 17, 18, 19, 20, 21, 22, 23, 24, 25, 26, 27, 28, 29, 30, 31, 32, 33, 34, 35, 36, 37]}