{"FcBest": [0.62532950403965426, 0.62532950403965426, 0.62532950403965426, 0.73310132452675503, 0.73310132452675503, 0.79552883363803106, 0.74828638918048962, 0.77654750282086304, 0.77654750282086304, 0.77654750282086304], "FdBest": [1.0, 1.0, 1.0, 0.91387526229234506, 0.91387526229234506, 0.88523133799276521, 0.96247818721415568, 0.97356350124798241, 0.97356350124798241, 0.97356350124798241], "FBest": [0.85558049631066546, 0.85558049631066546, 0.85558049631066546, 0.8638971728041771, 0.8638971728041771, 0.86706178718032645, 0.89763399917287701, 0.90648253610364304, 0.90648253610364304, 0.90648253610364304], "FfBest": [0.79699248120300759, 0.79699248120300759, 0.79699248120300759, 0.89473684210526316, 0.89473684210526316, 0.90225563909774431, 0.91729323308270683, 0.90225563909774431, 0.90225563909774431, 0.90225563909774431], "FeBest": [0, 0, 0, 0, 0, 0, 0, 0, 0, 0], "Gen": [0, 1, 2, 3, 4, 5, 6, 7, 8, 9]}