{"FcBest": [0.7837182699769728, 0.7837182699769728, 0.72930505836332138, 0.79363070055631435, 0.79363070055631435, 0.81577564978077988, 0.71960351036935855, 0.71960351036935855, 0.73457769243771431, 0.73457769243771431], "FdBest": [1.0, 1.0, 1.0365027603110584, 0.98296838402744491, 0.98296838402744491, 0.99021744486148355, 1.0874419352518714, 1.0874419352518714, 1.0747824335823024, 1.0747824335823024], "FBest": [0.91961377802055899, 0.91961377802055899, 0.92050245677643472, 0.92861367166407915, 0.92861367166407915, 0.93213534164285394, 0.94918575499271141, 0.94918575499271141, 0.95035894817125643, 0.95035894817125643], "FfBest": [0.89473684210526316, 0.89473684210526316, 0.87969924812030076, 0.95488721804511278, 0.95488721804511278, 0.93233082706766912, 0.90225563909774431, 0.90225563909774431, 0.91729323308270683, 0.91729323308270683], "FeBest": [0, 0, 0, 0, 0, 0, 0, 0, 0, 0], "Gen": [0, 1, 2, 3, 4, 5, 6, 7, 8, 9]}