{"FcBest": [0.89364512334819179], "FdBest": [0.4472456988837153], "FBest": [0.44724569888371529], "FfBest": [0.89602243951848526], "FeBest": [0], "Gen": [0]}