{"FcBest": [0.63365135994842348, 0.63365135994842348, 0.63365135994842348, 0.63365135994842348, 0.63365135994842348], "FdBest": [0.597830842514338, 0.597830842514338, 0.597830842514338, 0.597830842514338, 0.597830842514338], "FBest": [0.59783084251433805, 0.59783084251433805, 0.59783084251433805, 0.59783084251433805, 0.59783084251433805], "FfBest": [0.9460831566094724, 0.9460831566094724, 0.9460831566094724, 0.9460831566094724, 0.9460831566094724], "FeBest": [0, 0, 0, 0, 0], "Gen": [0, 1, 2, 3, 4]}