{"FcBest": [0.63999882661503782, 0.63999882661503782, 0.63999882661503782, 0.63999882661503782, 0.69713581683308345, 0.75809507046881497, 0.75809507046881497, 0.75809507046881497, 0.75809507046881497, 0.75809507046881497, 0.75809507046881497, 0.75809507046881497, 0.77714352764854988, 0.77714352764854988, 0.77714352764854988, 0.77714352764854988, 0.77714352764854988, 0.77714352764854988, 0.77714352764854988, 0.77714352764854988, 0.77714352764854988, 0.77714352764854988, 0.77714352764854988, 0.77714352764854988, 0.77714352764854988, 0.78095321908449689, 0.78095321908449689, 0.77333383621260299, 0.77333383621260299, 0.77333383621260299, 0.77333383621260299, 0.77333383621260299, 0.77333383621260299, 0.77333383621260299, 0.77333383621260299, 0.77333383621260299, 0.77333383621260299, 0.77333383621260299, 0.77333383621260299, 0.77333383621260299, 0.77333383621260299, 0.77333383621260299, 0.77333383621260299, 0.77333383621260299, 0.77333383621260299, 0.77333383621260299, 0.77333383621260299, 0.77333383621260299, 0.77333383621260299, 0.77333383621260299, 0.77333383621260299, 0.77333383621260299, 0.77333383621260299, 0.77333383621260299, 0.77333383621260299, 0.77333383621260299, 0.77333383621260299, 0.77333383621260299, 0.77333383621260299, 0.77333383621260299, 0.77333383621260299, 0.77333383621260299, 0.77333383621260299, 0.77333383621260299, 0.77333383621260299, 0.77333383621260299, 0.77333383621260299, 0.77333383621260299, 0.77333383621260299, 0.77333383621260299, 0.77333383621260299, 0.77333383621260299, 0.77333383621260299, 0.77333383621260299, 0.77333383621260299, 0.77333383621260299, 0.77333383621260299, 0.77333383621260299, 0.77713933698797044, 0.77713933698797044, 0.77713933698797044, 0.77713933698797044, 0.77713933698797044, 0.77713933698797044, 0.77713933698797044, 0.77713933698797044, 0.77713933698797044, 0.77713933698797044, 0.77713933698797044, 0.77713933698797044, 0.77713933698797044, 0.77713933698797044, 0.77713933698797044, 0.77713933698797044, 0.77713933698797044, 0.77713933698797044, 0.77713933698797044, 0.77713933698797044, 0.77713933698797044, 0.77713933698797044], "FdBest": [1.0, 1.0, 1.0, 1.0, 0.95355694050780526, 0.95664959072131917, 0.95664959072131917, 0.96610595843475977, 0.96610595843475977, 0.96610595843475977, 0.96610595843475977, 0.96610595843475977, 0.95651374213280005, 0.95651374213280005, 0.95651374213280005, 0.95651374213280005, 0.95651374213280005, 0.95651374213280005, 0.95651374213280005, 0.95651374213280005, 0.95651374213280005, 0.95651374213280005, 0.95651374213280005, 0.95651374213280005, 0.95651374213280005, 0.95858993686672356, 0.95858993686672356, 0.97575764347626281, 0.97575764347626281, 0.97575764347626281, 0.97575764347626281, 0.97575764347626281, 0.97575764347626281, 0.97575764347626281, 0.97575764347626281, 0.97575764347626281, 0.97575764347626281, 0.97575764347626281, 0.97575764347626281, 0.97575764347626281, 0.97575764347626281, 0.97575764347626281, 0.97575764347626281, 0.97575764347626281, 0.97575764347626281, 0.97575764347626281, 0.97575764347626281, 0.97575764347626281, 0.97575764347626281, 0.97575764347626281, 0.97575764347626281, 0.97575764347626281, 0.97575764347626281, 0.97575764347626281, 0.97575764347626281, 0.97575764347626281, 0.97575764347626281, 0.97575764347626281, 0.97575764347626281, 0.97575764347626281, 0.97575764347626281, 0.97575764347626281, 0.97575764347626281, 0.97575764347626281, 0.97575764347626281, 0.97575764347626281, 0.97575764347626281, 0.97575764347626281, 0.97575764347626281, 0.97575764347626281, 0.97575764347626281, 0.97575764347626281, 0.97575764347626281, 0.97575764347626281, 0.97575764347626281, 0.97575764347626281, 0.97575764347626281, 0.97575764347626281, 0.97564706738437745, 0.97564706738437745, 0.97564706738437745, 0.97564706738437745, 0.97564706738437745, 0.97564706738437745, 0.97564706738437745, 0.97564706738437745, 0.97564706738437745, 0.97564706738437745, 0.97564706738437745, 0.97564706738437745, 0.97564706738437745, 0.97564706738437745, 0.97564706738437745, 0.97564706738437745, 0.97564706738437745, 0.97564706738437745, 0.97564706738437745, 0.97564706738437745, 0.97564706738437745, 0.97564706738437745], "FBest": [0.88556361642819548, 0.88556361642819548, 0.88556361642819548, 0.88556361642819548, 0.8879045297253314, 0.90093126974478066, 0.90093126974478066, 0.91693764909022279, 0.91693764909022279, 0.91693764909022279, 0.91693764909022279, 0.91693764909022279, 0.92066305373041712, 0.92066305373041712, 0.92066305373041712, 0.92066305373041712, 0.92066305373041712, 0.92066305373041712, 0.92066305373041712, 0.92066305373041712, 0.92066305373041712, 0.92066305373041712, 0.92066305373041712, 0.92066305373041712, 0.92066305373041712, 0.92265357395636571, 0.92265357395636571, 0.92557318304692138, 0.92557318304692138, 0.92557318304692138, 0.92557318304692138, 0.92557318304692138, 0.92557318304692138, 0.92557318304692138, 0.92557318304692138, 0.92557318304692138, 0.92557318304692138, 0.92557318304692138, 0.92557318304692138, 0.92557318304692138, 0.92557318304692138, 0.92557318304692138, 0.92557318304692138, 0.92557318304692138, 0.92557318304692138, 0.92557318304692138, 0.92557318304692138, 0.92557318304692138, 0.92557318304692138, 0.92557318304692138, 0.92557318304692138, 0.92557318304692138, 0.92557318304692138, 0.92557318304692138, 0.92557318304692138, 0.92557318304692138, 0.92557318304692138, 0.92557318304692138, 0.92557318304692138, 0.92557318304692138, 0.92557318304692138, 0.92557318304692138, 0.92557318304692138, 0.92557318304692138, 0.92557318304692138, 0.92557318304692138, 0.92557318304692138, 0.92557318304692138, 0.92557318304692138, 0.92557318304692138, 0.92557318304692138, 0.92557318304692138, 0.92557318304692138, 0.92557318304692138, 0.92557318304692138, 0.92557318304692138, 0.92557318304692138, 0.92557318304692138, 0.93022866869106102, 0.93022866869106102, 0.93022866869106102, 0.93022866869106102, 0.93022866869106102, 0.93022866869106102, 0.93022866869106102, 0.93022866869106102, 0.93022866869106102, 0.93022866869106102, 0.93022866869106102, 0.93022866869106102, 0.93022866869106102, 0.93022866869106102, 0.93022866869106102, 0.93022866869106102, 0.93022866869106102, 0.93022866869106102, 0.93022866869106102, 0.93022866869106102, 0.93022866869106102, 0.93022866869106102],