{"FcBest": [0.7974577417302029, 0.7974577417302029, 0.7974577417302029, 0.7974577417302029, 0.7974577417302029, 0.6172731949884871, 0.62795198866467961, 0.6172731949884871, 0.6172731949884871, 0.6172731949884871], "FdBest": [1.0, 1.0, 1.0, 1.0, 1.0, 1.4471230714478167, 1.4855632538862003, 1.5293322865894221, 1.5293322865894221, 1.5293322865894221], "FBest": [0.91897596425460581, 0.91897596425460581, 0.91897596425460581, 0.91897596425460581, 0.91897596425460581, 1.1037570274534863, 1.1225139850115256, 1.1448616350242888, 1.1448616350242888, 1.1448616350242888], "FfBest": [0.87844611528822059, 0.87844611528822059, 0.87844611528822059, 0.87844611528822059, 0.87844611528822059, 0.90350877192982459, 0.89097744360902253, 0.90350877192982459, 0.90350877192982459, 0.90350877192982459], "FeBest": [0, 0, 0, 0, 0, 0, 0, 0, 0, 0], "Gen": [0, 1, 2, 3, 4, 5, 6, 7, 8, 9]}