{"FcBest": [0.83496786318332672, 0.83496786318332672, 0.83496786318332672, 0.83496786318332672, 0.83496786318332672, 0.83496786318332672, 0.83496786318332672, 0.83496786318332672, 0.83876412934676037, 0.83876412934676037], "FdBest": [1.0, 1.0, 1.0, 1.0, 1.0, 1.0, 1.0, 1.0, 1.0000299650560067, 1.0000299650560067], "FBest": [0.94746377030710993, 0.94746377030710993, 0.94746377030710993, 0.94746377030710993, 0.94746377030710993, 0.94746377030710993, 0.94746377030710993, 0.94746377030710993, 0.94842781937597165, 0.94842781937597165], "FfBest": [0.95488721804511278, 0.95488721804511278, 0.95488721804511278, 0.95488721804511278, 0.95488721804511278, 0.95488721804511278, 0.95488721804511278, 0.95488721804511278, 0.95488721804511278, 0.95488721804511278], "FeBest": [0, 0, 0, 0, 0, 0, 0, 0, 0, 0], "Gen": [0, 1, 2, 3, 4, 5, 6, 7, 8, 9]}